<?xml version="1.0" encoding="UTF-8"?>
<!-- IMPORTANT: This is an internal file that has been generated
     by the Xilinx ISE software.  Any direct editing or
     changes made to this file may result in unpredictable
     behavior or data corruption.  It is strongly advised that
     users do not edit the contents of this file. -->
<DeviceUsageSummary rev="7">
<DesignStatistics TimeStamp="Mon Mar 22 21:17:59 2021"><group name="NetStatistics">
<item name="NumNets_Active" rev="2">
<attrib name="value" value="12"/></item>
<item name="NumNodesOfType_Active_DOUBLE" rev="2">
<attrib name="value" value="6"/></item>
<item name="NumNodesOfType_Active_DUMMYESC" rev="2">
<attrib name="value" value="4"/></item>
<item name="NumNodesOfType_Active_INPUT" rev="2">
<attrib name="value" value="4"/></item>
<item name="NumNodesOfType_Active_IOBOUTPUT" rev="2">
<attrib name="value" value="4"/></item>
<item name="NumNodesOfType_Active_OMUX" rev="2">
<attrib name="value" value="1"/></item>
</group>
<group name="SiteStatistics">
<item name="IOB-DIFFM" rev="2">
<attrib name="value" value="4"/></item>
<item name="IOB-DIFFS" rev="2">
<attrib name="value" value="2"/></item>
</group>
<group name="MiscellaneousStatistics">
<item name="AGG_BONDED_IO" rev="7">
<attrib name="value" value="12"/></item>
<item name="AGG_IO" rev="7">
<attrib name="value" value="12"/></item>
<item name="AGG_SLICE" rev="7">
<attrib name="value" value="4"/></item>
<item name="NUM_4_INPUT_LUT" rev="7">
<attrib name="value" value="4"/></item>
<item name="NUM_BONDED_IOB" rev="7">
<attrib name="value" value="12"/></item>
<item name="NUM_SLICEL" rev="7">
<attrib name="value" value="4"/></item>
</group>
</DesignStatistics>
<ReportConfigData TimeStamp="Sun Mar 21 23:35:21 2021"><group name="IOB_OUTBUF">
<item name="IN" rev="2">
<attrib name="IN_INV" value="4"/><attrib name="IN" value="0"/></item>
</group>
<group name="IOB_PAD">
<item name="DRIVEATTRBOX" rev="2">
<attrib name="12" value="4"/></item>
<item name="IOATTRBOX" rev="2">
<attrib name="LVCMOS25" value="8"/></item>
<item name="SLEW" rev="2">
<attrib name="SLOW" value="4"/></item>
</group>
<group name="IOB">
<item name="O1" rev="2">
<attrib name="O1_INV" value="4"/><attrib name="O1" value="0"/></item>
</group>
</ReportConfigData>
<ReportPinData TimeStamp="Sun Mar 21 23:35:21 2021"><group name="IOB_OUTBUF">
<item name="IN" rev="2">
<attrib name="value" value="4"/></item>
<item name="OUT" rev="2">
<attrib name="value" value="4"/></item>
</group>
<group name="IOB_INBUF">
<item name="IN" rev="2">
<attrib name="value" value="4"/></item>
<item name="OUT" rev="2">
<attrib name="value" value="4"/></item>
</group>
<group name="IOB_PAD">
<item name="PAD" rev="2">
<attrib name="value" value="8"/></item>
</group>
<group name="IOB">
<item name="I" rev="2">
<attrib name="value" value="4"/></item>
<item name="O1" rev="2">
<attrib name="value" value="4"/></item>
<item name="PAD" rev="2">
<attrib name="value" value="8"/></item>
</group>
</ReportPinData>
<CmdHistory>
</CmdHistory>
</DeviceUsageSummary>
